{"name":"fab95d26-abaf-4f90-bb97-92b768c54add","id":"/providers/Microsoft.Flow/flows/fab95d26-abaf-4f90-bb97-92b768c54add","type":"Microsoft.Flow/flows","properties":{"apiId":"/providers/Microsoft.PowerApps/apis/shared_logicflows","displayName":"Update Opportunity Sales Stage to Propose Based on Annual Revenue","definition":{"$schema":"https://schema.management.azure.com/providers/Microsoft.Logic/schemas/2016-06-01/workflowdefinition.json#","contentVersion":"1.0.0.0","parameters":{"$connections":{"defaultValue":{},"type":"Object"},"$authentication":{"defaultValue":{},"type":"SecureObject"}},"triggers":{"When_a_opportunity_is_created":{"type":"OpenApiConnectionWebhook","inputs":{"host":{"connectionName":"shared_commondataserviceforapps","operationId":"SubscribeWebhookTrigger","apiId":"/providers/Microsoft.PowerApps/apis/shared_commondataserviceforapps"},"parameters":{"subscriptionRequest/message":1,"subscriptionRequest/entityname":"opportunity","subscriptionRequest/scope":2},"authentication":"@parameters('$authentication')"}}},"actions":{"Validate_Annual_Revenue":{"actions":{"Apply_for_each_Lead_To_Opportunity_Sales_Process_":{"foreach":"@outputs('Get_Lead_To_Opportunity_Sales_Process')?['body/value']","actions":{"List_Process_Stages_for_Propose":{"runAfter":{},"type":"OpenApiConnection","inputs":{"host":{"connectionName":"shared_commondataserviceforapps","operationId":"ListRecords","apiId":"/providers/Microsoft.PowerApps/apis/shared_commondataserviceforapps"},"parameters":{"entityName":"processstages","fetchXml":"<fetch>\n  <entity name=\"processstage\" >\n    <attribute name=\"processstageid\" />\n    <attribute name=\"stagecategory\" />\n    <attribute name=\"processid\" />\n    <attribute name=\"operationtype\" />\n    <filter>\n      <condition attribute=\"stagecategoryname\" operator=\"eq\" value=\"Propose\" />\n      <condition attribute=\"processidname\" operator=\"eq\" value=\"Lead to Opportunity Sales Process\" />\n    </filter>\n  </entity>\n</fetch>","$top":1},"authentication":"@parameters('$authentication')"}},"Apply_for_each_Process_Stage":{"foreach":"@outputs('List_Process_Stages_for_Propose')?['body/value']","actions":{"Update_Active_Stage_to_Propose":{"runAfter":{},"type":"OpenApiConnection","inputs":{"host":{"connectionName":"shared_commondataserviceforapps","operationId":"UpdateRecord","apiId":"/providers/Microsoft.PowerApps/apis/shared_commondataserviceforapps"},"parameters":{"entityName":"leadtoopportunitysalesprocesses","recordId":"@items('Apply_for_each_Lead_To_Opportunity_Sales_Process_')?['businessprocessflowinstanceid']","item/activestageid@odata.bind":"processstages(@{items('Apply_for_each_Process_Stage')?['processstageid']})","item/activestagestartedon":"@utcNow()"},"authentication":"@parameters('$authentication')"}}},"runAfter":{"List_Process_Stages_for_Propose":["Succeeded"]},"type":"Foreach"}},"runAfter":{"Get_Lead_To_Opportunity_Sales_Process":["Succeeded"]},"type":"Foreach"},"Get_Lead_To_Opportunity_Sales_Process":{"runAfter":{},"type":"OpenApiConnection","inputs":{"host":{"connectionName":"shared_commondataserviceforapps","operationId":"ListRecords","apiId":"/providers/Microsoft.PowerApps/apis/shared_commondataserviceforapps"},"parameters":{"entityName":"leadtoopportunitysalesprocesses","$select":"_activestageid_value,_opportunityid_value,businessprocessflowinstanceid","$filter":"(_opportunityid_value eq @{triggerOutputs()?['body/opportunityid']} and statuscode eq 1)"},"authentication":"@parameters('$authentication')"}}},"runAfter":{"Get_a_Lead":["Succeeded"]},"expression":{"greaterOrEquals":["@outputs('Get_a_Lead')?['body/revenue']",50000000]},"type":"If"},"Get_a_Lead":{"runAfter":{},"type":"OpenApiConnection","inputs":{"host":{"connectionName":"shared_commondataserviceforapps","operationId":"GetItem","apiId":"/providers/Microsoft.PowerApps/apis/shared_commondataserviceforapps"},"parameters":{"entityName":"leads","recordId":"@triggerOutputs()?['body/_originatingleadid_value']"},"authentication":"@parameters('$authentication')"}}},"outputs":{}},"connectionReferences":{"shared_commondataserviceforapps":{"connectionName":"shared-commondataser-24011b7b-5aba-4e1a-8202-f400-c94e417f","source":"Embedded","id":"/providers/Microsoft.PowerApps/apis/shared_commondataserviceforapps","tier":"NotSpecified"}},"flowFailureAlertSubscribed":false}}